{
  "title":"Debates",
  "description": "",
  "file": null,
  "learning_resource_types": [],
  "resource_type": "Video",
  "file_type": null,
  "youtube_key":  "r2_-2KW76ec",
  "captions_file": "/courses/6-033-computer-system-engineering-spring-2018/febf4e7c459154b0ae9510d984f7e571_r2_-2KW76ec.vtt",
  "transcript_file": "/courses/6-033-computer-system-engineering-spring-2018/7c2c07a7b19fd1b4d784e7d2cde6f6bc_r2_-2KW76ec.pdf",
  "thumbnail_file": "https://img.youtube.com/vi/r2_-2KW76ec/default.jpg",
  "archive_url": "https://archive.org/download/MIT6.033S18/MIT6_033S18_DUET_Lecture_300k.mp4"}
