{
  "title":"Did Active Learning Work?",
  "description": "",
  "file": null,
  "learning_resource_types": [],
  "resource_type": "Video",
  "file_type": null,
  "youtube_key":  "r2_-2KW76ec",
  "captions_file": "/courses/6-033-computer-system-engineering-spring-2018/530f419ca8ab5bc687e5faa8b1576c08_r2_-2KW76ec.vtt",
  "transcript_file": "/courses/6-033-computer-system-engineering-spring-2018/e0ec78d65787d1f0a82e3b9307d53a67_r2_-2KW76ec.pdf",
  "thumbnail_file": "https://img.youtube.com/vi/r2_-2KW76ec/default.jpg",
  "archive_url": "https://archive.org/download/MIT6.033S18/MIT6_033S18_DUET_Lecture_300k.mp4"}
