{
  "title":"6-033s18.png",
  "description": "",
  "file": "/courses/6-033-computer-system-engineering-spring-2018/a79fa5e068ab51b3cf0477c51c15a9b9_6-033s18.png",
  "learning_resource_types": [],
  "resource_type": "Image",
  "file_type": "image/png",
  "image_metadata": {"caption":"Diagram of a transaction system which provides atomicity and isolation. Information is sent between the coordinator, view server, primary server, and backup server as indicated by arrows. Image by Dr. Katrina LaCurts.","credit":"Image by Dr. Katrina LaCurts.","image-alt":"Diagram of information between servers. "}}
