{"00c78a10-dff3-7bfb-4c7e-73d56819e6bc":"/resources/r2_-2kw76ec-21/data.json","0139d45c-1864-08d8-2839-9ba2abd77c19":"/resources/mit6_033s18lec12/data.json","0361d9ec-ba6a-e414-17b2-14597ecbe5ac":"/resources/r2_-2kw76ec-10/data.json","03839826-8d83-1a70-6fad-0af0bfa301d7":"/pages/week-8/data.json","0466ee2b-5ebb-72d0-ad4f-7badf3b6c645":"/pages/week-4/data.json","05b631a6-ef1c-2f86-b877-12c4e1b89310":"/pages/week-3/lecture-5-outline/data.json","06499806-69a7-eb16-b00f-5ebedfd0215a":"/resources/mit6_033s18dp-2017/data.json","08da808c-5e17-7094-6eb5-ed6637fa7572":"/resources/untitled-2-2/data.json","09361169-bc52-2c62-2a18-8d7cf0c6d2ac":"/pages/week-2/lecture-3-outline/data.json","0a3d288e-4cbc-112c-d90a-71a2c259a60e":"/pages/week-4/lecture-6-outline/data.json","0abfab7f-cd01-9a6a-159d-1afa3fd61f99":"/pages/week-7/data.json","0de7a026-cc51-8d64-2305-b1769d62af0f":"/pages/week-7/cdn-assignment/data.json","0f38d012-21c7-a072-b7fd-cd72637e5cd3":"/pages/week-9/lecture-17-outline/data.json","0ff618da-3ee4-5c6b-8e67-5bb688dc4c15":"/resources/r2_-2kw76ec-28/data.json","107a17fe-69eb-b3fb-9b35-60cd823d41a3":"/resources/mit6_033s18fasttrack_dpr/data.json","13cb1376-fba2-b7ba-d3d7-17c0d2991531":"/resources/mit6_033s18lec10/data.json","16566c0d-3270-f5e3-5467-e164e382d0fb":"/resources/r2_-2kw76ec-4/data.json","167d8ab5-b4e6-d60f-2767-75bf678cd76c":"/resources/mit6_033s18lec9/data.json","1731a3ca-ac5f-faa7-8e0f-4b3bff50a1cc":"/pages/resource-index/data.json","1795776f-cbb7-0fb1-20df-9c6a06d6c717":"/resources/mit6_033s18_crit1worksheet/data.json","17e14ace-45f4-50ab-9fa7-1d516ef1bda5":"/resources/r2_-2kw76ec-36/data.json","191c7334-efdd-f334-6e7d-357d7122f6b8":"/resources/untitled-1-2/data.json","1e7e49dc-3b37-e0d9-d362-97d4a6e5e423":"/resources/why_infusing-active-learning-into-6/data.json","1f147788-1493-7d98-11fd-9b451a7d7a4e":"/pages/week-14/trusting-trust-assignment/data.json","1fb116ae-7b19-d2d2-1080-11f96544f8ad":"/resources/r2_-2kw76ec-22/data.json","20ca5cb8-efd0-a972-63e8-db41c689a0f6":"/resources/r2_-2kw76ec-3/data.json","2500dbfe-4b2f-c63e-8d8a-c612f61c4d08":"/pages/week-12/lecture-21-outline/data.json","26febf46-605f-599b-aa63-c8504b6e5d4d":"/pages/week-6/lecture-10-outline/data.json","296c66ea-a30e-98fb-be04-74d631d544ec":"/pages/week-2/domain-name-system-dns-assignment/data.json","2b22f039-4b71-569e-b9d4-7f66efc2d366":"/resources/r2_-2kw76ec-26/data.json","2c8eaac6-31f2-d232-4fa7-7fe0ffa313dd":"/resources/mit6_033s18_crit2rubric/data.json","2cb2b50a-d547-de37-21ce-5d8d7cbd1517":"/resources/r2_-2kw76ec-24/data.json","2cb8a58f-6722-18eb-d356-b679c8f9e000":"/resources/r2_-2kw76ec-20/data.json","2f5a5812-665c-5d65-911b-f5c391bad765":"/resources/r2_-2kw76ec-27/data.json","34962e3c-6a8d-0b7b-210a-685ec3c16ce2":"/resources/r2_-2kw76ec-13/data.json","35980840-d44e-cd95-ad8e-ec4fda5f3030":"/resources/mit6_033s18_crit2worksheet-1/data.json","3610b8eb-173d-dad3-75e0-c9bf4c6d3ee4":"/pages/week-2/lecture-2-outline/data.json","37760e09-a6c5-09c9-e969-bcefe6230e7d":"/pages/week-2/unix-assignment-part-1/data.json","395b4cf0-6614-5425-8a2c-190196ab16b5":"/resources/r2_-2kw76ec-34/data.json","3d996a72-0d4f-c66f-285a-16fe174e0043":"/resources/mit6_033s18lec22/data.json","3e3e4182-6606-6578-8310-c00d2f2f296a":"/resources/recitation_video-comp/data.json","3ebfda64-abe4-187a-6497-84708a5f0971":"/pages/week-7/lecture-12-outline/data.json","40c59cdf-5cc3-002f-4f57-52bcd63188fe":"/resources/mit6_033s18_crit1worksheet-1/data.json","40fb5a3b-10ae-c787-e007-dfb9b099de9c":"/pages/syllabus/data.json","4459543a-5a16-3192-772e-26bf814e1461":"/resources/mit6_033s18dp_errata/data.json","447da471-034f-b347-4c11-bbe7bfa9e6b3":"/pages/week-14/meltdown-assignment/data.json","45c3152a-7c7a-8e9d-0344-24fc1d9e7161":"/pages/week-11/lecture-20-outline/data.json","463ad0d7-960d-0f16-fac5-ad1eab91ef20":"/pages/week-12/data.json","46892ea3-a63a-6724-e3aa-77ee0b0114a2":"/resources/untitled-2-1/data.json","4793bb3a-5463-dd86-f8d5-6dc6fdf33ccb":"/pages/week-13/lecture-23-outline/data.json","4bd4d775-885a-2661-47dc-64a6eba38676":"/pages/week-3/lecture-4-outline/data.json","4c7f271a-57d1-1aab-e200-56c36c3143fc":"/resources/mit6_033s18_crit2worksheet/data.json","4c860345-1055-a405-7e74-e6bb2895d799":"/resources/supporting-staff-as-individuals/data.json","4ebf5d77-c8bf-9a53-f40a-94e56925c899":"/resources/untitled-1-1/data.json","5303c7da-c0ff-5f0e-6844-2a6695ac861e":"/resources/importance-of-extensive-planning/data.json","530f419c-a8ab-5bc6-87e5-faa8b1576c08":"/resources/r2_-2kw76ec-38/data.json","55774ef7-50c7-6ef6-be97-160d3ab611fb":"/resources/r2_-2kw76ec-2/data.json","56256643-e43f-56fd-9fde-3a68dabb4b71":"/resources/r2_-2kw76ec-37/data.json","58979a0d-36a2-6cf8-2be3-a2f5313e3250":"/pages/week-3/unix-assignment-part-2/data.json","5b33bd84-f663-1064-74a0-aa71928bbcce":"/resources/mit6_033s18dp_pres/data.json","5d2ed67c-1aa3-722e-e19b-338c75d9b490":"/resources/mit6_033s18lec23/data.json","5dc920bd-bdee-9276-cae9-210b8529f6be":"/resources/drawing-pictures/data.json","5ecfa330-0d14-2fcc-ddd3-5c80821c2cac":"/resources/r2_-2kw76ec-12/data.json","62a94c78-a524-3c30-60aa-11c27ff81fc7":"/pages/week-10/data.json","64c76f72-6de3-a311-cd25-009c4ea1e872":"/resources/mit6_033s18dp_faq/data.json","65aa4eed-05a6-e3c3-31b7-24d8f6b44e7d":"/pages/week-11/lecture-19-outline/data.json","664be575-c00e-8b73-1e97-37cd0a323c01":"/pages/week-11/raft-assignment/data.json","669830ff-a145-23d6-dcee-00927f0c1d39":"/pages/week-4/mapreduce-assignment/data.json","694987b9-3a9a-8546-0e09-6d00a856d3d0":"/pages/week-4/lecture-7-outline/data.json","6c21c6d5-0181-dc34-06c1-e988f60b8e24":"/resources/mit6_033s18lec4/data.json","6e76f1ca-8214-a450-c84c-bced0d6be017":"/pages/week-1/critique-assignment-1/data.json","6eb1ae9f-40ad-2904-23a0-3116bbdfaf75":"/resources/r2_-2kw76ec-7/data.json","6f82dc95-1f47-0c80-136f-e66e5ce7c473":"/pages/week-1/lecture-1-outline/data.json","70f007d8-4ae8-a0b0-ea4f-00fa8931c506":"/pages/week-1/data.json","72f0d675-cb14-ba19-4c5d-7a81051af829":"/pages/week-7/dctcp-assignment/data.json","73594177-84bd-559f-acb2-aadc9d04abe7":"/pages/design-project/data.json","75800336-c3a2-ebee-84a1-8bb126a5a60b":"/pages/week-6/data.json","766d3b59-5f03-a2f4-b1ad-4d15d2427648":"/pages/week-8/distributed-storage-assignment/data.json","76fa2168-e5a4-c472-2c31-5a84b8e09a8c":"/resources/mit6_033s18lec16/data.json","78c88887-ab18-4d53-f900-927a50ba8a65":"/resources/active-learning-activity-debates/data.json","7b71c684-deab-001e-b5b4-2dd1259e4fd6":"/resources/video_placeholder/data.json","7c2c07a7-b19f-d1b4-d784-e7d2cde6f6bc":"/resources/r2_-2kw76ec-19/data.json","81056cb9-5545-9139-0582-b2e55570d21a":"/pages/week-3/data.json","82d38378-244b-6686-4fad-14c082cb5df9":"/pages/week-5/lecture-9-outline/data.json","82ef662a-803f-2c31-0c03-cc06053da27b":"/resources/guide/data.json","85894c20-22fb-054e-580a-61a43ed2648d":"/pages/week-4/eraser-assignment/data.json","85a82c1b-d74e-0931-df50-36a9cbc97de6":"/resources/mit6_033s18dpr/data.json","85b670dd-8de4-dbf6-b591-b48baa5d9789":"/resources/mit6_033s18dppr_writing/data.json","8629414d-8632-d339-456d-462db58df623":"/resources/mit6_033s18tut11/data.json","87aba984-30c8-d18b-3f71-7bdec998328f":"/pages/week-13/data.json","88350e45-d2ab-eb7d-9d77-bcfb2ecec721":"/pages/week-5/landmark-routing-assignment/data.json","883f9a8d-e31b-5008-aaf6-bcee9446191e":"/resources/r2_-2kw76ec-32/data.json","89e1e54e-a14e-f974-0668-9840928834a2":"/pages/week-5/lecture-8-outline/data.json","8b4a9727-6b4d-8408-a957-98f794d9ac16":"/resources/mit6_033s18lec7/data.json","8c133922-7ec3-a880-031c-26d2ae95dca5":"/resources/mit6_033s18dp_eval/data.json","8eb16d36-28bb-d77e-e7e8-471b9871ec09":"/resources/mit6_033s18lec14/data.json","927dc70c-4215-0c4f-6c29-2d80f8283753":"/resources/r2_-2kw76ec-18/data.json","92b03e93-3e2f-ec86-0b6b-cb53a306e020":"/resources/mit6_033s18lec17/data.json","9352ca27-cdf1-d2f9-7730-83aed59ea572":"/resources/mit6_033s18lec24/data.json","935d90a5-7a9a-0169-7319-6c14b0526d90":"/pages/week-14/lecture-25-outline/data.json","93d636e5-224f-ff50-64f6-d4aea89d9f49":"/resources/r2_-2kw76ec-8/data.json","953166c6-41bf-9f95-d6f0-fd2ddc934bf5":"/resources/r2_-2kw76ec-1/data.json","953fdb71-0437-8ebb-0b69-e49f591282f9":"/resources/mit6_033s18lec2/data.json","9bd90745-a042-ceba-8945-da6d7daceb49":"/resources/mit6_033s18_dp_peerreview/data.json","9e5a07cb-c72a-01ef-b233-c667d45854d4":"/resources/mit6_033s18lec8/data.json","a18d96b3-21bd-fa67-08d4-1f15ddcdbd14":"/resources/6-033room-comp/data.json","a4a9ba01-b030-11d9-204c-ba12fbc0f60b":"/pages/week-1/we-did-nothing-wrong/data.json","a53ea92f-4c3d-bec4-3ffa-e7cf73d6eb29":"/pages/week-14/data.json","a645fd66-f27b-801f-fadb-cd1f24d0d752":"/resources/mit6_033s18lec26/data.json","a73b4431-1a41-9a65-a9d0-b8d04c29495f":"/resources/mit6_033s18lec3/data.json","a79fa5e0-68ab-51b3-cf04-77c51c15a9b9":"/resources/6-033s18/data.json","a832ff85-3be6-a295-c5a6-23b102707bb8":"/pages/week-6/lecture-11-outline/data.json","a8eaa3de-11de-35a2-f8d6-b2d186c97fc6":"/pages/week-5/data.json","a9f0f3ac-6818-8523-6970-4595096259f3":"/resources/mit6_033s18dppr/data.json","aa415ef7-5752-19ee-a10a-fb9dc2dbef65":"/pages/week-9/data.json","ab7289b2-686c-5460-3a7d-2d48bcb9ca7e":"/resources/r2_-2kw76ec-11/data.json","aff13f0f-0cef-504f-9e6a-f139d166d0b1":"/resources/mit6_033s18lec1/data.json","b1089f5d-b898-b0e4-3de1-1f7b4fb2a366":"/pages/week-10/lecture-18-outline/data.json","b273e9a7-5e78-73fe-ad0e-7a180e6cae80":"/resources/getting-everyone-on-board/data.json","b882122b-9e06-c5d6-61c9-7ce3e39fcf07":"/pages/week-4/critique-assignment-2/data.json","b95bf0e7-9ebe-f383-1b68-ec8e4654f152":"/resources/mit6_033s18networking_guide/data.json","bc751adf-f933-b975-14a3-2fceb98fd753":"/resources/r2_-2kw76ec-9/data.json","bc81939d-39ca-9b20-d235-a2bcfdc48df8":"/resources/did-active-learning-work/data.json","bcb2ebba-6409-4be0-e70e-0ea2685851d8":"/resources/group-work-to-class-wide-discussion/data.json","be21c49a-c86b-e491-7955-5f26d89d6c82":"/resources/r2_-2kw76ec-16/data.json","bf827346-2501-3e42-f685-8e184a4e25f2":"/resources/r2_-2kw76ec-6/data.json","c09c7d62-696b-071f-ffb0-88433fa31b32":"/pages/week-6/ron-assignment/data.json","c109e0c5-f4f6-9b52-7d96-b0c911fcd579":"/pages/week-10/consistency-guarantees-assignment/data.json","c376d0dd-384a-f6be-87ef-f4d6cd32feb0":"/resources/unique-aspects-of-the-course/data.json","c46fe11e-d023-04f5-7535-4315faa42e52":"/pages/week-9/lecture-16-outline/data.json","c4a5c659-5c87-2d2d-140b-12b013818b4a":"/pages/week-13/lecture-24-outline/data.json","c7a234fb-b37e-e20a-41b9-581882a0afcd":"/pages/week-11/data.json","c826e009-4b14-7e04-9c30-dda39a35e0fa":"/resources/mit6_033s18massrttc_dppr/data.json","c8adb1f8-6380-5b5f-a90e-d2248354cfe1":"/resources/r2_-2kw76ec-33/data.json","cb323c9b-fd70-6cc4-af75-6a5e33b7ca8c":"/resources/mit6_033s18lec13/data.json","cba270cd-1bf2-b3b2-3e4a-b00971bc9ad2":"/resources/mit6_033s18lec18/data.json","cbb27708-c82e-11a7-a3f9-be7fc848063b":"/pages/week-9/log-structured-file-system-lfs-assignment/data.json","cbc9216a-e35f-60d3-c11f-935c7e84403c":"/resources/r2_-2kw76ec-5/data.json","d071f3da-1e8e-5b64-6e22-0525783eb2ba":"/resources/mit6_033s18lec11/data.json","d0c9f5a9-5235-3e8d-1757-fbb2c66bef51":"/resources/mit6_033s18dp/data.json","d1826058-40bd-1b86-7043-5fbd9843860e":"/resources/6-033s18-th/data.json","d23c09ff-9de9-dc9c-b989-05d72c54fd66":"/pages/week-2/data.json","d2e877f5-f48f-5bd2-3165-bb00019aae3c":"/resources/mit6_033s18lec20/data.json","d3601a92-393b-b430-c3f5-22cb995c18f8":"/resources/untitled-1-3/data.json","d3ef19cf-a292-5635-b36a-1857ec21bd02":"/resources/r2_-2kw76ec-31/data.json","d52fbcc8-c6c3-d30c-6272-c3d414618111":"/resources/mit6_033s18lec6/data.json","d536852c-8694-227d-8a22-0b4f55905207":"/resources/mit6_033s18lec5/data.json","d592637b-bae8-71c6-59ff-f27fb133b62a":"/pages/week-5/darpa-assignment/data.json","d7e80479-aaf3-38d9-e79e-b2f538c418b3":"/pages/week-12/dnssec-assignment/data.json","d836f7cd-4d23-9062-344e-1ec1e99f03c8":"/resources/mit6_033s18lec25/data.json","d855de67-a6df-3be8-d7e7-b03e92d249a3":"/pages/week-12/lecture-22-outline/data.json","d85bd78d-4139-ffc6-6099-38511ef16101":"/pages/week-12/why-cryptosystems-fail-assignment/data.json","dcd25f88-acf3-f72b-a2ad-5aae10daef4f":"/pages/calendar/data.json","df152640-8e3e-c6f7-e43a-adfa1ce5f944":"/resources/mit6_033s18lec15/data.json","df7097db-2a37-53b9-06cd-51adc0ef46a5":"/resources/mit6_033s18dpr_rubric/data.json","dffa6f05-a1fc-5356-abe6-d0b61d365e6f":"/resources/r2_-2kw76ec-30/data.json","e0ec78d6-5787-d1f0-a82e-3b9307d53a67":"/resources/r2_-2kw76ec-25/data.json","e1f355b7-cede-384a-db38-09486938e9aa":"/resources/mit6_033s18fasttrackdppr/data.json","e3329846-53d9-016b-a16d-adba4b432036":"/resources/infusing-active-learning-into-6/data.json","e41330e2-fb4f-3118-bfb7-88e686385fc7":"/pages/week-8/lecture-14-outline/data.json","e46aed55-3f04-cfcf-dcdd-9ab3513be6ed":"/pages/week-7/lecture-13-outline/data.json","e5270af2-9e70-742a-b582-b3d738f1fe59":"/resources/r2_-2kw76ec-14/data.json","e63c00a2-e24c-93cc-5223-35b0a5f1e647":"/resources/what-is-active-learning/data.json","e75a8c08-e117-86c5-3503-1b5e10f0fe19":"/pages/instructor-insights/data.json","e771bd0b-e352-139d-acbb-3a4793142d55":"/resources/supporting-staff-as-a-group/data.json","e9aca0e1-9843-4db8-6e55-af17078c27d9":"/resources/mit6_033s18massrttc_dpr/data.json","ea10802c-6baa-dc87-f80f-e8c0d70744ce":"/resources/r2_-2kw76ec-23/data.json","ea13cbf1-25e6-cb4f-d552-53fee6563f83":"/pages/week-13/botnets-assignment/data.json","ed621a8b-454a-4124-3149-f292982c273e":"/resources/401-comp/data.json","ee3eaf70-d51d-d899-2741-50145fdb3bd4":"/resources/untitled-1/data.json","ef6e32ff-946a-9a1d-2442-7e739c1557a8":"/resources/untitled-2/data.json","f1426127-ef61-5bae-69e7-18be595fe67a":"/resources/r2_-2kw76ec-17/data.json","f16c7835-ea51-9931-2f17-c5652cc47102":"/pages/week-13/memory-corruption-assignment/data.json","f3fea455-6b17-29b1-b548-eaf293e7bf2c":"/pages/week-9/databases-assignment/data.json","f45114b1-2a92-0d47-c39c-6a05bcff1d93":"/resources/mit6_033s18lec19/data.json","f5fc5ac7-b97b-7f46-3169-a80526c8a2ce":"/resources/mit6_033s18lec21/data.json","f71e9470-30e0-207a-655e-28d00738d833":"/resources/room2-comp/data.json","f72ed39e-4015-fcb5-94d7-8e416303488e":"/resources/r2_-2kw76ec-15/data.json","f982d841-2b34-3c22-7262-04fc7b163732":"/pages/week-8/lecture-15-outline/data.json","fbfec293-d115-5ee8-879c-814387978507":"/resources/r2_-2kw76ec-29/data.json","fcf7a1c9-0392-0c1f-03b4-85ee143bdeaa":"/resources/mit6_033s18_bgp/data.json","febf4e7c-4591-54b0-ae95-10d984f7e571":"/resources/r2_-2kw76ec-35/data.json","fec8db2d-f75c-585a-9d97-6611ecf7d33a":"/resources/acting-things-out/data.json","ff01bbc6-35af-3038-c36a-6db86cef27dc":"/resources/r2_-2kw76ec/data.json"}