{
  "course_title":"Computer System Engineering",
  "course_description":"This class covers topics on the engineering of computer software and hardware systems. Topics include techniques for controlling complexity; strong modularity using client-server design, operating systems; performance, networks; naming; security and privacy; fault-tolerant systems, atomicity and coordination of concurrent activities, and recovery; impact of computer systems on society.",
  "course_description_html":"This class covers topics on the engineering of computer software and hardware systems. Topics include techniques for controlling complexity; strong modularity using client-server design, operating systems; performance, networks; naming; security and privacy; fault-tolerant systems, atomicity and coordination of concurrent activities, and recovery; impact of computer systems on society.",
  "site_uid":"b3b71c5a-e00b-4193-af94-467b4ebd4727",
  "legacy_uid":"392eceff-729a-fda1-ece9-ddd060c143b6","instructors": [{
    "first_name":"Katrina",
    "last_name":"LaCurts",
    "middle_initial":"",
    "salutation":"Dr.",
    "title":"Dr. Katrina LaCurts"}],"department_numbers":["6"],
  "learning_resource_types":["Lecture Notes","Written Assignments","Projects with Examples","Instructor Insights"],
  "topics":[["Engineering","Computer Science","Computer Design and Engineering"],["Engineering","Computer Science","Computer Networks"],["Engineering","Computer Science","Operating Systems"],["Engineering","Computer Science","Software Design and Engineering"]],
  "mit_learn_topics":null,
  "primary_course_number":"6.033",
  "extra_course_numbers":"",
  "term":"Spring",
  "year":"2018",
  "level":["Undergraduate"],
  "hide_download":null,
  "image_src":"./static_resources/a79fa5e068ab51b3cf0477c51c15a9b9_6-033s18.png",
  "course_image_metadata":{"content_type":"resource","description":"","draft":false,"file":"/courses/6-033-computer-system-engineering-spring-2018/a79fa5e068ab51b3cf0477c51c15a9b9_6-033s18.png","file_size":29334,"file_type":"image/png","image_metadata":{"caption":"Diagram of a transaction system which provides atomicity and isolation. Information is sent between the coordinator, view server, primary server, and backup server as indicated by arrows. Image by Dr. Katrina LaCurts.","credit":"Image by Dr. Katrina LaCurts.","image-alt":"Diagram of information between servers. "},"iscjklanguage":false,"learning_resource_types":[],"license":"https://creativecommons.org/licenses/by-nc-sa/4.0/","ocw_type":"OCWImage","resourcetype":"Image","title":"6-033s18.png","uid":"a79fa5e0-68ab-51b3-cf04-77c51c15a9b9"}}

