{
  "title":"6-033s18-th.jpg",
  "description": "",
  "file": "/courses/6-033-computer-system-engineering-spring-2018/d182605840bd1b8670435fbd9843860e_6-033s18-th.jpg",
  "learning_resource_types": [],
  "resource_type": "Image",
  "file_type": "image/jpeg",
  "image_metadata": {"caption":"Diagram of a transaction system which provides atomicity and isolation. Information is sent between the coordinator, view server, primary server, and backup server as indicated by arrows. Image by Dr. Katrina LaCurts.","credit":"Image by Dr. Katrina LaCurts.","image-alt":"Diagram of information between servers. "}}
