{
  "title":"Supporting Staff as a Group",
  "description": "",
  "file": null,
  "learning_resource_types": [],
  "resource_type": "Video",
  "file_type": null,
  "youtube_key":  "r2_-2KW76ec",
  "captions_file": "/courses/6-033-computer-system-engineering-spring-2018/c8adb1f863805b5fa90ed2248354cfe1_r2_-2KW76ec.vtt",
  "transcript_file": "/courses/6-033-computer-system-engineering-spring-2018/f72ed39e4015fcb594d78e416303488e_r2_-2KW76ec.pdf",
  "thumbnail_file": "https://img.youtube.com/vi/r2_-2KW76ec/default.jpg",
  "archive_url": "https://archive.org/download/MIT6.033S18/MIT6_033S18_DUET_Lecture_300k.mp4"}
