{
  "title":"Group Work to Class-wide Discussion",
  "description": "",
  "file": null,
  "learning_resource_types": [],
  "resource_type": "Video",
  "file_type": null,
  "youtube_key":  "r2_-2KW76ec",
  "captions_file": "/courses/6-033-computer-system-engineering-spring-2018/395b4cf0661454258a2c190196ab16b5_r2_-2KW76ec.vtt",
  "transcript_file": "/courses/6-033-computer-system-engineering-spring-2018/f1426127ef615bae69e718be595fe67a_r2_-2KW76ec.pdf",
  "thumbnail_file": "https://img.youtube.com/vi/r2_-2KW76ec/default.jpg",
  "archive_url": "https://archive.org/download/MIT6.033S18/MIT6_033S18_DUET_Lecture_300k.mp4"}
