{
  "title":"Drawing Pictures",
  "description": "",
  "file": null,
  "learning_resource_types": [],
  "resource_type": "Video",
  "file_type": null,
  "youtube_key":  "r2_-2KW76ec",
  "captions_file": "/courses/6-033-computer-system-engineering-spring-2018/17e14ace45f450ab9fa71d516ef1bda5_r2_-2KW76ec.vtt",
  "transcript_file": "/courses/6-033-computer-system-engineering-spring-2018/00c78a10dff37bfb4c7e73d56819e6bc_r2_-2KW76ec.pdf",
  "thumbnail_file": "https://img.youtube.com/vi/r2_-2KW76ec/default.jpg",
  "archive_url": "https://archive.org/download/MIT6.033S18/MIT6_033S18_DUET_Lecture_300k.mp4"}
